name_ru,name_eng
Аарон,Aaron
Абайел,Abajel
Абакум,Abakum
Абдалла,Abdalla
Абдиел,Abdiel
Абдул,Abdul
Абдулла,Abdulla
Абдуллах,Abdullah
Абель,Abel
Абиел,Abiel
Абнер,Abner
Абрам,Abram
Абрахам,Abraham
Абросим,Abrosim
Аваг,Avag
Аввакум,Avvakum
Авессалом,Avessalom
Август,Avgust
Августин,Avgustin
Авдей,Avdej
Авдий,Avdij
Авель,Avel
Авенир,Avenir
Аверий,Averij
Аверкий,Averkij
Аверьян,Averjan
Авксентий,Avksentij
Аврам,Avram
Авраам,Avraam
Аврелиан,Avrelian
Аврелий,Avrelij
Автоном,Avtonom
Агамемнон,Agamemnon
Агап,Agap
Агапий,Agapij
Агапит,Agapit
Агафангел,Agafangel
Агафон,Agafon
Агей,Agej
Аггей,Aggej
Адальберт,Adalbert
Адам,Adam
Адибек,Adibek
Адольф,Adolf
Адольфус,Adolfus
Адонис,Adonis
Адриан,Adrian
Азар,Azar
Азарий,Azarij
Азат,Azat
Айзек,Ajzek
Айк,Ajk
Акакий,Akakij
Акела,Akela
Акила,Akila
Акилла,Akilla
Аким,Akim
Акиндин,Akindin
Акинф,Akinf
Акинфий,Akinfij
Аксён,Aksen
Аксентий,Aksentij
Ал,Al
Алан,Alan
Аластер,Alaster
Албан,Alban
Албин,Albin
Алгар,Algar
Алдвин,Aldvin
Алден,Alden
Алджернон,Aldzhernon
Алдис,Aldis
Алдос,Aldos
Алдред,Aldred
Алек,Alek
Алекс,Aleks
Александр,Aleksandr
Алексей,Aleksej
Алексий,Aleksij
Алексис,Aleksis
Алексиус,Aleksius
Али,Ali
Алик,Alik
Алим,Alim
Алистер,Alister
Алишер,Alisher
Аллан,Allan
Аллен,Allen
Алли,Alli
Алоиз,Aloiz
Алойзиус,Alojzius
Алоис,Alois
Алойсиус,Alojsius
Альва,Alva
Альберт,Albert
Альбин,Albin
Альфред,Alfred
Амброзио,Ambrozio
Амброзиос,Ambrozios
Амброзиус,Ambrozius
Амвросий,Amvrosij
Амос,Amos
Амфилохий,Amfilohij
Ананий,Ananij
Анастасий,Anastasij
Анатолий,Anatolij
Ангел,Angel
Ангус,Angus
Анджело,Andzhelo
Андрей,Andrej
Андриан,Andrian
Андрис,Andris
Андрон,Andron
Андроний,Andronij
Андроник,Andronik
Анект,Anekt
Анемподист,Anempodist
Анжел,Anzhel
Анжело,Anzhelo
Аникей,Anikej
Аникий,Anikij
Аникита,Anikita
Анисий,Anisij
Анисим,Anisim
Анселм,Anselm
Ансель,Ansel
Ансельм,Anselm
Антиох,Antioh
Антип,Antip
Антипа,Antipa
Антипий,Antipij
Антон,Anton
Антоний,Antonij
Антонин,Antonin
Антонио,Antonio
Антроп,Antrop
Антропий,Antropij
Ануфрий,Anufrij
Аполлинарий,Apollinarij
Аполлон,Apollon
Аполлос,Apollos
Ардалион,Ardalion
Ардис,Ardis
Ардын,Ardyn
Ареф,Aref
Арефий,Arefij
Арий,Arij
Ариус,Arius
Аристарх,Aristarh
Аристид,Aristid
Аристотель,Aristotel
Ариэль,Ariel
Аркадий,Arkadij
Арни,Arni
Арнольд,Arnold
Арон,Aron
Арсен,Arsen
Арсений,Arsenij
Арсентий,Arsentij
Артамон,Artamon
Артём,Artem
Артемий,Artemij
Артур,Artur
Архип,Arhip
Арчи,Archi
Арчибальд,Archibald
Аса,Asa
Асад,Asad
Асаф,Asaf
Асафий,Asafij
Асгат,Asgat
Аскольд,Askold
Астап,Astap
Астафий,Astafij
Асхат,Ashat
Атанасиус,Atanasius
Ательстан,Atelstan
Аттила,Attila
Афанасий,Afanasij
Афиноген,Afinogen
Афинодор,Afinodor
Африкан,Afrikan
Ахат,Ahat
Ахилла,Ahilla
Ахмад,Ahmad
Ахмат,Ahmat
Ахмед,Ahmed
Ахмет,Ahmet
Базил,Bazil
Базилик,Bazilik
Базиль,Bazil
Бажен,Bazhen
Барт,Bart
Бассель,Bassel
Баян,Bajan
Безил,Bezil
Бен,Ben
Бенни,Benni
Бенджамин,Bendzhamin
Бенедикт,Benedikt
Бернард,Bernard
Берт,Bert
Берти,Berti
Бертрам,Bertram
Бертран,Bertran
Билл,Bill
Билли,Billi
Боб,Bob
Бобби,Bobbi
Богдан,Bogdan
Болдуин,Bolduin
Болеслав,Boleslav
Бонифат,Bonifat
Бонифатий,Bonifatij
Бонифаций,Bonifatsij
Борис,Boris
Борислав,Borislav
Боян,Bojan
Брайан,Brajan
Братислав,Bratislav
Бриан,Brian
Бронислав,Bronislav
Будимир,Budimir
Булат,Bulat
Бэзил,Bezil
Вавила,Vavila
Вадим,Vadim
Валентин,Valentin
Валериан,Valerian
Валерьян,Valerjan
Валерий,Valerij
Вальтер,Valter
Варлам,Varlam
Варламий,Varlamij
Варнава,Varnava
Варсоноф,Varsonof
Варсонофий,Varsonofij
Варфоломей,Varfolomej
Василий,Vasilij
Василь,Vasil
Вассиан,Vassian
Велизар,Velizar
Велемир,Velemir
Велимир,Velimir
Венедикт,Venedikt
Вениамин,Veniamin
Венцеслав,Ventseslav
Викентий,Vikentij
Виктор,Viktor
Викторий,Viktorij
Викул,Vikul
Викула,Vikula
Вилен,Vilen
Виленин,Vilenin
Вилор,Vilor
Вильгельм,Vilgelm
Вильям,Viljam
Винс,Vins
Винсент,Vinsent
Виссарион,Vissarion
Вит,Vit
Виталий,Vitalij
Витовт,Vitovt
Витольд,Vitold
Витус,Vitus
Влад,Vlad
Владилен,Vladilen
Владимир,Vladimir
Владислав,Vladislav
Владлен,Vladlen
Влас,Vlas
Власий,Vlasij
Вольга,Volga
Вонифат,Vonifat
Вонифатий,Vonifatij
Всеволод,Vsevolod
Всеслав,Vseslav
Вукол,Vukol
Вышеслав,Vysheslav
Вячеслав,Vjacheslav
Габриэль,Gabriel
Гавриил,Gavriil
Гаврил,Gavril
Гаврила,Gavrila
Гай,Gaj
Галактион,Galaktion
Галим,Galim
Ганс,Gans
Гарольд,Garold
Гарретт,Garrett
Гарри,Garri
Гаспар,Gaspar
Гедеон,Gedeon
Гедимин,Gedimin
Геласий,Gelasij
Гелий,Gelij
Гемфри,Gemfri
Геннадий,Gennadij
Генри,Genri
Генрих,Genrih
Георг,Georg
Георгий,Georgij
Геракл,Gerakl
Герасим,Gerasim
Герберт,Gerbert
Гервасий,Gervasij
Геркулес,Gerkules
Герман,German
Гермоген,Germogen
Геронтий,Gerontij
Гертруд,Gertrud
Ги,Gi
Гиацинт,Giatsint
Гидеон,Gideon
Гийом,Gijom
Гил,Gil
Гилберт,Gilbert
Гильберт,Gilbert
Глеб,Gleb
Говард,Govard
Гораций,Goratsij
Горацио,Goratsio
Горгоний,Gorgonij
Гордей,Gordej
Гостомысл,Gostomysl
Годвин,Godvin
Готлиб,Gotlib
Годфри,Godfri
Готфрид,Gotfrid
Гордон,Gordon
Грегори,Gregori
Грейам,Grejam
Гремислав,Gremislav
Григорий,Grigorij
Гриффит,Griffit
Грэхем,Grehem
Гурий,Gurij
Гурьян,Gurjan
Густав,Gustav
Давид,David
Давыд,Davyd
Далмат,Dalmat
Дамиан,Damian
Дамир,Damir
Дан,Dan
Даниил,Daniil
Данил,Danil
Данила,Danila
Данни,Danni
Дейв,Dejv
Дементий,Dementij
Демид,Demid
Демьян,Demjan
Дени,Deni
Денис,Denis
Денисий,Denisij
Деннис,Dennis
Десмонд,Desmond
Джалил,Dzhalil
Джамал,Dzhamal
Джаспер,Dzhasper
Джафар,Dzhafar
Джей,Dzhej
Джейк,Dzhejk
Джейкоб,Dzhejkob
Джеймс,Dzhejms
Джек,Dzhek
Джекоб,Dzhekob
Джексон,Dzhekson
Джем,Dzhem
Джемс,Dzhems
Джеральд,Dzherald
Джерард,Dzherard
Джереми,Dzheremi
Джером,Dzherom
Джерри,Dzherri
Джефф,Dzheff
Джеффри,Dzheffri
Джим,Dzhim
Джимми,Dzhimmi
Джин,Dzhin
Джо,Dzho
Джоб,Dzhob
Джозеф,Dzhozef
Джой,Dzhoj
Джойс,Dzhojs
Джок,Dzhok
Джон,Dzhon
Джонни,Dzhonni
Джонатан,Dzhonatan
Джордж,Dzhordzh
Джош,Dzhosh
Джошуа,Dzhoshua
Джулиан,Dzhulian
Джулио,Dzhulio
Джулиус,Dzhulius
Дик,Dik
Дики,Diki
Дикки,Dikki
Дикон,Dikon
Димитрий,Dimitrij
Дин,Din
Дио,Dio
Диомид,Diomid
Дионис,Dionis
Дионисий,Dionisij
Дмитрий,Dmitrij
Доб,Dob
Доббин,Dobbin
Добромысл,Dobromysl
Добрыня,Dobrynja
Довмонт,Dovmont
Доминик,Dominik
Дональд,Donald
Донат,Donat
Донован,Donovan
Дориан,Dorian
Доримедонт,Dorimedont
Дормедонт,Dormedont
Дормидонт,Dormidont
Дорофей,Dorofej
Досифей,Dosifej
Дуглас,Duglas
Дэви,Devi
Дэвид,Devid
Дэмиен,Demien
Дэн,Den
Дэниел,Deniel
Дэнни,Denni
Евгений,Evgenij
Евграф,Evgraf
Евграфий,Evgrafij
Евдоким,Evdokim
Евлампий,Evlampij
Евлогий,Evlogij
Евмен,Evmen
Евмений,Evmenij
Евсей,Evsej
Евстафий,Evstafij
Евстахий,Evstahij
Евстигней,Evstignej
Евстрат,Evstrat
Евстратий,Evstratij
Евтихий,Evtihij
Евфимий,Evfimij
Егор,Egor
Егорий,Egorij
Елизар,Elizar
Елисей,Elisej
Елистрат,Elistrat
Елпидифор,Elpidifor
Емельян,Emeljan
Енох,Enoh
Епифан,Epifan
Епифаний,Epifanij
Еремей,Eremej
Ермий,Ermij
Ермил,Ermil
Ермила,Ermila
Ермилий,Ermilij
Ермолай,Ermolaj
Ерофей,Erofej
Ефим,Efim
Ефимий,Efimij
Ефрем,Efrem
Ефремий,Efremij
Жакоб,Zhakob
Жан,Zhan
Жерар,Zherar
Жиль,Zhil
Жильбер,Zhilber
Жорес,Zhores
Жорж,Zhorzh
Жюль,Zhjul
Жюльен,Zhjulen
Закир,Zakir
Замир,Zamir
Захар,Zahar
Захарий,Zaharij
Захария,Zaharija
Зенон,Zenon
Зигмунд,Zigmund
Зигфрид,Zigfrid
Зиновий,Zinovij
Зосим,Zosim
Зосима,Zosima
Иаким,Iakim
Иакинф,Iakinf
Иаков,Iakov
Иван,Ivan
Игнат,Ignat
Игнатий,Ignatij
Игорь,Igor
Иеремия,Ieremija
Иероним,Ieronim
Измаил,Izmail
Измарагд,Izmaragd
Изосим,Izosim
Изот,Izot
Израиль,Izrail
Изяслав,Izjaslav
Иисус,Iisus
Иларион,Ilarion
Илларион,Illarion
Илиодор,Iliodor
Ильдар,Ildar
Ильмир,Ilmir
Ильназ,Ilnaz
Илья,Ilja
Илия,Ilija
Ильяс,Iljas
Иннокентий,Innokentij
Инок,Inok
Иоанн,Ioann
Иоахим,Ioahim
Иов,Iov
Иоиль,Ioil
Ион,Ion
Иона,Iona
Ионафан,Ionafan
Иосафат,Iosafat
Иосип,Iosip
Иосиф,Iosif
Ипат,Ipat
Ипатий,Ipatij
Ипполит,Ippolit
Ираклий,Iraklij
Иринарх,Irinarh
Ириней,Irinej
Ирод,Irod
Иродион,Irodion
Исаак,Isaak
Исаакий,Isaakij
Исаия,Isaija
Исайя,Isajja
Исай,Isaj
Исак,Isak
Исакий,Isakij
Исидор,Isidor
Искандер,Iskander
Ислам,Islam
Исмаил,Ismail
Иустин,Iustin
Йоллы,Jolly
Йон,Jon
Йонас,Jonas
Казимир,Kazimir
Калина,Kalina
Каллимах,Kallimah
Каллиник,Kallinik
Каллиопий,Kalliopij
Каллист,Kallist
Каллистрат,Kallistrat
Каллисфен,Kallisfen
Калуф,Kaluf
Камил,Kamil
Камиль,Kamil
Кандидий,Kandidij
Кантидиан,Kantidian
Капик,Kapik
Капитон,Kapiton
Карел,Karel
Карион,Karion
Карл,Karl
Карп,Karp
Каспар,Kaspar
Кастрихий,Kastrihij
Касьян,Kasjan
Кев,Kev
Кевин,Kevin
Кен,Ken
Кеннет,Kennet
Кенни,Kenni
Ким,Kim
Киприан,Kiprian
Кир,Kir
Кирей,Kirej
Кириак,Kiriak
Кирик,Kirik
Кирила,Kirila
Кирилл,Kirill
Кирсан,Kirsan
Кит,Kit
Клавдий,Klavdij
Кларенс,Klarens
Клем,Klem
Клементий,Klementij
Клим,Klim
Климент,Kliment
Климентий,Klimentij
Клиффорд,Klifford
Клод,Klod
Клэренс,Klerens
Козьма,Kozma
Колин,Kolin
Кондрат,Kondrat
Кондратий,Kondratij
Конан,Konan
Коннор,Konnor
Конон,Konon
Конрад,Konrad
Константин,Konstantin
Корней,Kornej
Корнелий,Kornelij
Корнил,Kornil
Корнилий,Kornilij
Крис,Kris
Кристиан,Kristian
Кристоф,Kristof
Кристофер,Kristofer
Ксаверий,Ksaverij
Ксенофонт,Ksenofont
Кузьма,Kuzma
Куприян,Kuprijan
Лавр,Lavr
Лаврентий,Lavrentij
Ладимир,Ladimir
Лазарь,Lazar
Лайонел,Lajonel
Ламберт,Lambert
Ларион,Larion
Лев,Lev
Леван,Levan
Левон,Levon
Лео,Leo
Леон,Leon
Леонард,Leonard
Леонардо,Leonardo
Леонид,Leonid
Леонтий,Leontij
Леопольд,Leopold
Лесли,Lesli
Лионель,Lionel
Логвин,Logvin
Лонгин,Longin
Лоренс,Lorens
Лоуренс,Lourens
Лоренцо,Lorentso
Лу,Lu
Луи,Lui
Луис,Luis
Лука,Luka
Лукан,Lukan
Лукас,Lukas
Лукьян,Lukjan
Льюис,Ljuis
Льюк,Ljuk
Любим,Ljubim
Любомир,Ljubomir
Любомысл,Ljubomysl
Людвиг,Ljudvig
Люк,Ljuk
Люциан,Ljutsian
Мавр,Mavr
Маврикий,Mavrikij
Мавродий,Mavrodij
Магнус,Magnus
Магомед,Magomed
Магомет,Magomet
Май,Maj
Майк,Majk
Майкл,Majkl
Макар,Makar
Макарий,Makarij
Македон,Makedon
Македоний,Makedonij
Макс,Maks
Максим,Maksim
Максимиан,Maksimian
Максимилиан,Maksimilian
Максимильян,Maksimiljan
Малх,Malh
Малькольм,Malkolm
Мануил,Manuil
Марат,Marat
Мардарий,Mardarij
Мариан,Marian
Марий,Marij
Марин,Marin
Марио,Mario
Марион,Marion
Марк,Mark
Маркел,Markel
Маркиан,Markian
Маркус,Markus
Марлен,Marlen
Мартимьян,Martimjan
Мартин,Martin
Мартиниан,Martinian
Мартирий,Martirij
Мартын,Martyn
Мартьян,Martjan
Матвей,Matvej
Матиас,Matias
Матфей,Matfej
Мелентий,Melentij
Мелетий,Meletij
Мередит,Meredit
Меркул,Merkul
Меркурий,Merkurij
Мефодий,Mefodij
Мечислав,Mechislav
Микаэл,Mikael
Микаэль,Mikael
Микки,Mikki
Милан,Milan
Милен,Milen
Милий,Milij
Милослав,Miloslav
Микола,Mikola
Миколай,Mikolaj
Мина,Mina
Минай,Minaj
Мирон,Miron
Мирослав,Miroslav
Мисаил,Misail
Митрофан,Mitrofan
Митрофаний,Mitrofanij
Михаил,Mihail
Михайло,Mihajlo
Михай,Mihaj
Михей,Mihej
Модест,Modest
Мозес,Mozes
Моисей,Moisej
Мокей,Mokej
Мокий,Mokij
Монтегю,Montegju
Монти,Monti
Монтэг,Monteg
Морган,Morgan
Морис,Moris
Моррис,Morris
Мортимер,Mortimer
Мстислав,Mstislav
Мурад,Murad
Мурат,Murat
Мухаммад,Muhammad
Мухаммед,Muhammed
Мэрион,Merion
Мэт,Met
Мэтью,Metju
Назар,Nazar
Назарий,Nazarij
Наркис,Narkis
Нат,Nat
Натан,Natan
Натаниэль,Nataniel
Нарцис,Nartsis
Нарцисс,Nartsiss
Наум,Naum
Невиль,Nevil
Нед,Ned
Недди,Neddi
Нестер,Nester
Нестор,Nestor
Нефёд,Nefed
Ник,Nik
Никки,Nikki
Никандр,Nikandr
Никанор,Nikanor
Никита,Nikita
Никифор,Nikifor
Никодим,Nikodim
Никола,Nikola
Николай,Nikolaj
Николас,Nikolas
Николя,Nikolja
Никон,Nikon
Нил,Nil
Нильс,Nils
Нифонт,Nifont
Нодар,Nodar
Ной,Noj
Норман,Norman
Ноэль,Noel
Обри,Obri
Олег,Oleg
Оливер,Oliver
Оливье,Olive
Олимпий,Olimpij
Олоферн,Olofern
Онисим,Onisim
Онисифор,Onisifor
Онуфрий,Onufrij
Орест,Orest
Осип,Osip
Освальд,Osvald
Оскар,Oskar
Осмунд,Osmund
Остап,Ostap
Остин,Ostin
Остромир,Ostromir
Отто,Otto
Оуэн,Ouen
Павел,Pavel
Павлин,Pavlin
Падди,Paddi
Паисий,Paisij
Палладий,Palladij
Памфил,Pamfil
Памфилий,Pamfilij
Панкрат,Pankrat
Панкратий,Pankratij
Пантелей,Pantelej
Пантелеймон,Pantelejmon
Панфил,Panfil
Парамон,Paramon
Пармен,Parmen
Пармëн,Parmën
Парфён,Parfen
Парфений,Parfenij
Парфентий,Parfentij
Пат,Pat
Пати,Pati
Патрик,Patrik
Патрикей,Patrikej
Патрикий,Patrikij
Патрицио,Patritsio
Пафнутий,Pafnutij
Пахом,Pahom
Пахомий,Pahomij
Пер,Per
Перси,Persi
Перфилий,Perfilij
Пётр,Petr
Пий,Pij
Пимен,Pimen
Пип,Pip
Пит,Pit
Питер,Piter
Питирим,Pitirim
Платон,Platon
Пол,Pol
Поль,Pol
Полиграф,Poligraf
Полиевкт,Polievkt
Полиект,Poliekt
Поликарп,Polikarp
Поликарпий,Polikarpij
Порфир,Porfir
Порфирий,Porfirij
Потап,Potap
Потапий,Potapij
Пров,Prov
Прокл,Prokl
Прокоп,Prokop
Прокопий,Prokopij
Прокофий,Prokofij
Протас,Protas
Протасий,Protasij
Прохор,Prohor
Пьер,Per
Пэдди,Peddi
Пэт,Pet
Пэти,Peti
Пэтти,Petti
Равшан,Ravshan
Радий,Radij
Радик,Radik
Радим,Radim
Радислав,Radislav
Радован,Radovan
Раймонд,Rajmond
Ральф,Ralf
Рандольф,Randolf
Расмус,Rasmus
Ратибор,Ratibor
Ратмир,Ratmir
Рафаил,Rafail
Рафаэль,Rafael
Редж,Redzh
Реджи,Redzhi
Реджинальд,Redzhinald
Рей,Rej
Рейнольд,Rejnold
Рем,Rem
Ренат,Renat
Рикардо,Rikardo
Рим,Rim
Ринат,Rinat
Рифгат,Rifgat
Рифхат,Rifhat
Рихард,Rihard
Ричард,Richard
Роб,Rob
Роберт,Robert
Робби,Robbi
Робин,Robin
Родерик,Roderik
Родди,Roddi
Роджер,Rodzher
Родион,Rodion
Родни,Rodni
Рой,Roj
Ролан,Rolan
Роланд,Roland
Рольф,Rolf
Роман,Roman
Ромео,Romeo
Рон,Ron
Рональд,Ronald
Ростислав,Rostislav
Рубан,Ruban
Рубен,Ruben
Рувим,Ruvim
Рудольф,Rudolf
Руперт,Rupert
Руслан,Ruslan
Рушан,Rushan
Рэнальд,Renald
Рюрик,Rjurik
Савастей,Savastej
Савва,Savva
Савватей,Savvatej
Савватий,Savvatij
Савëл,Savël
Савелий,Savelij
Саверий,Saverij
Савин,Savin
Савиниан,Savinian
Савл,Savl
Сайлас,Sajlas
Саймон,Sajmon
Сакердон,Sakerdon
Салтан,Saltan
Самвел,Samvel
Самойла,Samojla
Самсон,Samson
Самсоний,Samsonij
Самуил,Samuil
Самуэль,Samuel
Сандерс,Sanders
Санди,Sandi
Саул,Saul
Светозар,Svetozar
Свирид,Svirid
Святополк,Svjatopolk
Святослав,Svjatoslav
Себастиан,Sebastian
Себастьян,Sebastjan
Севастьян,Sevastjan
Северин,Severin
Северьян,Severjan
Селиван,Selivan
Селивëрст,Selivërst
Селифан,Selifan
Семён,Semen
Семион,Semion
Септимус,Septimus
Серапион,Serapion
Серафим,Serafim
Сергей,Sergej
Сергий,Sergij
Сесил,Sesil
Сигизмунд,Sigizmund
Сидней,Sidnej
Сидор,Sidor
Сила,Sila
Силан,Silan
Силантий,Silantij
Силуян,Silujan
Сильван,Silvan
Сильвестр,Silvestr
Сим,Sim
Симми,Simmi
Симон,Simon
Симеон,Simeon
Сирил,Siril
Сиф,Sif
Смарагд,Smaragd
Созон,Sozon
Созонт,Sozont
Созонтий,Sozontij
Сократ,Sokrat
Сол,Sol
Солли,Solli
Соломон,Solomon
Сосипатр,Sosipatr
Софон,Sofon
Софоний,Sofonij
Софония,Sofonija
Софрон,Sofron
Софроний,Sofronij
Спартак,Spartak
Спиридон,Spiridon
Спиридоний,Spiridonij
Станимир,Stanimir
Станислав,Stanislav
Станли,Stanli
Стахий,Stahij
Степан,Stepan
Стёпа,Stepa
Стефан,Stefan
Стив,Stiv
Стива,Stiva
Стивен,Stiven
Стоян,Stojan
Стратоник,Stratonik
Стэн,Sten
Стэнли,Stenli
Султан,Sultan
Сурен,Suren
Сысой,Sysoj
Сэм,Sem
Сэмми,Semmi
Сэмпсон,Sempson
Сэмюэл,Semjuel
Сэмюэль,Semjuel
Сэнди,Sendi
Сэт,Set
Талгат,Talgat
Тамерлан,Tamerlan
Тарас,Taras
Твердислав,Tverdislav
Творимир,Tvorimir
Тед,Ted
Тедди,Teddi
Тейлор,Tejlor
Теймур,Tejmur
Теймураз,Tejmuraz
Тео,Teo
Теобальд,Teobald
Теодор,Teodor
Терентий,Terentij
Тертий,Tertij
Тиб,Tib
Тибальт,Tibalt
Тибби,Tibbi
Тибо,Tibo
Тибул,Tibul
Тигран,Tigran
Тигрий,Tigrij
Тим,Tim
Тимоти,Timoti
Тимофей,Timofej
Тимур,Timur
Тит,Tit
Тихон,Tihon
Тоби,Tobi
Тобайас,Tobajas
Тобайес,Tobajes
Тобиас,Tobias
Толгат,Tolgat
Том,Tom
Томми,Tommi
Томас,Tomas
Тони,Toni
Тристан,Tristan
Трифилий,Trifilij
Трифон,Trifon
Трофим,Trofim
Уар,Uar
Увар,Uvar
Уилл,Uill
Уилли,Uilli
Уилфред,Uilfred
Уильям,Uiljam
Уинстон,Uinston
Улисс,Uliss
Улукбек,Ulukbek
Ульян,Uljan
Уоллас,Uollas
Уоллес,Uolles
Уолт,Uolt
Уолтер,Uolter
Уот,Uot
Уотти,Uotti
Урбан,Urban
Устин,Ustin
Фабиан,Fabian
Фабьен,Faben
Фадей,Fadej
Фаддей,Faddej
Фалалей,Falalej
Фарад,Farad
Фарадж,Faradzh
Фархад,Farhad
Фатьян,Fatjan
Фёдор,Fedor
Федос,Fedos
Федосей,Fedosej
Федосий,Fedosij
Федот,Fedot
Федотий,Fedotij
Федул,Fedul
Феликс,Feliks
Фемистокл,Femistokl
Феогност,Feognost
Феодор,Feodor
Феодосий,Feodosij
Феоктист,Feoktist
Феофан,Feofan
Феофил,Feofil
Феофилакт,Feofilakt
Ферапонт,Ferapont
Фердинанд,Ferdinand
Фернандо,Fernando
Фил,Fil
Филарет,Filaret
Филат,Filat
Филимон,Filimon
Филипий,Filipij
Филипп,Filipp
Филофей,Filofej
Фирс,Firs
Флавиан,Flavian
Флавий,Flavij
Флегонт,Flegont
Флой,Floj
Флор,Flor
Флоренс,Florens
Флорентий,Florentij
Флорентин,Florentin
Флориан,Florian
Фока,Foka
Фома,Foma
Фортунат,Fortunat
Фотий,Fotij
Франсес,Franses
Франсис,Fransis
Франц,Frants
Франциск,Frantsisk
Фред,Fred
Фредди,Freddi
Фредерик,Frederik
Фридрих,Fridrih
Фрол,Frol
Фрэнк,Frenk
Фрэнсис,Frensis
Халим,Halim
Хаким,Hakim
Хамфри,Hamfri
Ханс,Hans
Харитон,Hariton
Харитоний,Haritonij
Харлам,Harlam
Харламп,Harlamp
Харлампий,Harlampij
Хасбулат,Hasbulat
Хауард,Hauard
Хорас,Horas
Хоуп,Houp
Хрисанф,Hrisanf
Христиан,Hristian
Христофор,Hristofor
Хулио,Hulio
Хью,Hju
Хьюберт,Hjubert
Хьюго,Hjugo
Хэл,Hel
Хэмфри,Hemfri
Цезарь,Tsezar
Цецилий,Tsetsilij
Цицерон,Tsitseron
Чарли,Charli
Чарльз,Charlz
Чеслав,Cheslav
Чингиз,Chingiz
Чингис,Chingis
Шалва,Shalva
Шамиль,Shamil
Шарль,Sharl
Шарон,Sharon
Шон,Shon
Шота,Shota
Шура,Shura
Шурик,Shurik
Эд,Ed
Эдвард,Edvard
Эдвин,Edvin
Эдгар,Edgar
Эдгард,Edgard
Эдди,Eddi
Эдмон,Edmon
Эдмунд,Edmund
Эдмундо,Edmundo
Эдуард,Eduard
Элджернон,Eldzhernon
Эллиот,Elliot
Элмер,Elmer
Эльдар,Eldar
Эмброуз,Embrouz
Эмери,Emeri
Эмилий,Emilij
Эмиль,Emil
Эммануил,Emmanuil
Эммануэль,Emmanuel
Энвер,Enver
Энди,Endi
Эндрю,Endrju
Энтони,Entoni
Эразм,Erazm
Эраст,Erast
Эрнест,Ernest
Эрнст,Ernst
Ювенал,Juvenal
Ювеналий,Juvenalij
Юджин,Judzhin
Юзеф,Juzef
Юлиан,Julian
Юлий,Julij
Юрий,Jurij
Юстас,Justas
Юстиниан,Justinian
Юсуп,Jusup
Юсуф,Jusuf
Яким,Jakim
Якоб,Jakob
Яков,Jakov
Якуб,Jakub
Ян,Jan
Янко,Janko
Януарий,Januarij
Ярополк,Jaropolk
Ярослав,Jaroslav
Абби,Abbi
Аби,Abi
Абигейл,Abigejl
Ава,Ava
Авария,Avarija
Августа,Avgusta
Августина,Avgustina
Авдотья,Avdotja
Авелина,Avelina
Аверьяна,Averjana
Авигайль,Avigajl
Авигея,Avigeja
Авис,Avis
Авиталь,Avital
Авиэтта,Avietta
Аврелия,Avrelija
Аврея,Avreja
Аврора,Avrora
Агапа,Agapa
Агапия,Agapija
Агарь,Agar
Агата,Agata
Агафа,Agafa
Агафоклия,Agafoklija
Агафоника,Agafonika
Агафия,Agafija
Агафья,Agafja
Агги,Aggi
Аглаида,Aglaida
Аглая,Aglaja
Агна,Agna
Агнес,Agnes
Агнесса,Agnessa
Агнета,Agneta
Агния,Agnija
Агнария,Agnarija
Аграфена,Agrafena
Агриппина,Agrippina
Ада,Ada
Адалин,Adalin
Адда,Adda
Адди,Addi
Адела,Adela
Аделаида,Adelaida
Аделин,Adelin
Аделина,Adelina
Аделисия,Adelisija
Аделла,Adella
Адель,Adel
Адельфина,Adelfina
Адина,Adina
Адолия,Adolija
Адольфа,Adolfa
Адриана,Adriana
Аза,Aza
Азалия,Azalija
Азелла,Azella
Аида,Aida
Аина,Aina
Аиша,Aisha
Айгуль,Ajgul
Айгюль,Ajgjul
Айлин,Ajlin
Айлис,Ajlis
Айна,Ajna
Айнара,Ajnara
Айне,Ajne
Айра,Ajra
Айрин,Ajrin
Айрис,Ajris
Айя,Ajja
Аква,Akva
Аквилина,Akvilina
Аксиния,Aksinija
Аксинья,Aksinja
Акулина,Akulina
Алатея,Alateja
Алба,Alba
Алгалин,Algalin
Алевтина,Alevtina
Алейда,Alejda
Алекс,Aleks
Алекса,Aleksa
Александра,Aleksandra
Александрина,Aleksandrina
Алексина,Aleksina
Алексия,Aleksija
Алена,Alena
Алерия,Alerija
Алесса,Alessa
Алеся,Alesja
Алетта,Aletta
Алефтина,Aleftina
Алёна,Alena
Алика,Alika
Алин,Alin
Алина,Alina
Алипия,Alipija
Алира,Alira
Алиса,Alisa
Алисия,Alisija
Алисон,Alison
Алиша,Alisha
Алия,Alija
Алла,Alla
Аллегра,Allegra
Алли,Alli
Аллисон,Allison
Алма,Alma
Алмаза,Almaza
Алоиза,Aloiza
Алтия,Altija
Алфея,Alfeja
Алфрида,Alfrida
Альба,Alba
Альберта,Alberta
Альбертин,Albertin
Альбертина,Albertina
Альбина,Albina
Альвина,Alvina
Альма,Alma
Альмира,Almira
Альфина,Alfina
Альфия,Alfija
Альфреда,Alfreda
Альциона,Altsiona
Альяна,Aljana
Амабел,Amabel
Амабела,Amabela
Амабель,Amabel
Амадея,Amadeja
Амалия,Amalija
Амалфея,Amalfeja
Амальтея,Amalteja
Аманда,Amanda
Амата,Amata
Амброзина,Ambrozina
Амброзия,Ambrozija
Амелия,Amelija
Амелфа,Amelfa
Амельяна,Ameljana
Амилия,Amilija
Амина,Amina
Амира,Amira
Аммонария,Ammonarija
Амфитрита,Amfitrita
Анабель,Anabel
Анаид,Anaid
Анастасия,Anastasija
Анатолия,Anatolija
Ангела,Angela
Ангелика,Angelika
Ангелина,Angelina
Анджела,Andzhela
Анджелина,Andzhelina
Андрея,Andreja
Андромаха,Andromaha
Андрона,Androna
Андроника,Andronika
Анета,Aneta
Анетта,Anetta
Анжела,Anzhela
Анжелика,Anzhelika
Анжелина,Anzhelina
Анима,Anima
Анимаиса,Animaisa
Анисия,Anisija
Анисья,Anisja
Анита,Anita
Анна,Anna
Аннабел,Annabel
Аннабель,Annabel
Анет,Anet
Аннета,Anneta
Аннетта,Annetta
Анриэтта,Anrietta
Анрия,Anrija
Антигона,Antigona
Антониана,Antoniana
Антонида,Antonida
Антонина,Antonina
Антония,Antonija
Антуанетта,Antuanetta
Анфима,Anfima
Анфиса,Anfisa
Анфия,Anfija
Анфуса,Anfusa
Аньета,Aneta
Аня,Anja
Апия,Apija
Аполлинария,Apollinarija
Аполлония,Apollonija
Апраксия,Apraksija
Апрелия,Aprelija
Апфия,Apfija
Арабелла,Arabella
Аргентея,Argenteja
Ардис,Ardis
Ариадна,Ariadna
Арина,Arina
Ариса,Arisa
Аристейя,Aristejja
Ариэла,Ariela
Ариэль,Ariel
Ария,Arija
Аркадия,Arkadija
Арлин,Arlin
Арлина,Arlina
Арминия,Arminija
Арнелла,Arnella
Арсения,Arsenija
Артемида,Artemida
Артемия,Artemija
Архелия,Arhelija
Арьяна,Arjana
Ассоль,Assol
Аста,Asta
Астильба,Astilba
Астра,Astra
Астрид,Astrid
Асусенна,Asusenna
Асфея,Asfeja
Асфира,Asfira
Ася,Asja
Аурелия,Aurelija
Аурика,Aurika
Афанасия,Afanasija
Афродита,Afrodita
Аэлита,Aelita
Аэлла,Aella
Ая,Aja
Аяжан,Ajazhan
Багряна,Bagrjana
Базилика,Bazilika
Базилия,Bazilija
Барбара,Barbara
Бася,Basja
Батшеба,Batsheba
Батья,Batja
Беата,Beata
Беатрикс,Beatriks
Беатрис,Beatris
Беатриса,Beatrisa
Беверли,Beverli
Бек,Bek
Бекки,Bekki
Бекс,Beks
Белана,Belana
Белослава,Beloslava
Бел,Bel
Белл,Bell
Белла,Bella
Бенедикта,Benedikta
Береника,Berenika
Берта,Berta
Бесс,Bess
Бесси,Bessi
Бет,Bet
Бетси,Betsi
Бетти,Betti
Бианка,Bianka
Бьянка,Bjanka
Биби,Bibi
Бидди,Biddi
Бландина,Blandina
Бланш,Blansh
Богдана,Bogdana
Божена,Bozhena
Болеслава,Boleslava
Борислава,Borislava
Бояна,Bojana
Брианна,Brianna
Бригитта,Brigitta
Бриджит,Bridzhit
Бриттани,Brittani
Бронислава,Bronislava
Бэб,Beb
Бэла,Bela
Бэлла,Bella
Бахорой,Bahoroj
Вайолет,Vajolet
Валенсия,Valensija
Валентина,Valentina
Валерия,Valerija
Ванда,Vanda
Ванесса,Vanessa
Варвара,Varvara
Варфоломея,Varfolomeja
Васёна,Vasena
Василида,Vasilida
Василина,Vasilina
Василиса,Vasilisa
Василия,Vasilija
Василла,Vasilla
Васса,Vassa
Вацлава,Vatslava
Велислава,Velislava
Венедикта,Venedikta
Венера,Venera
Венуста,Venusta
Венцеслава,Ventseslava
Вера,Vera
Верелея,Vereleja
Вереника,Verenika
Вероника,Veronika
Верония,Veronija
Версалия,Versalija
Веселина,Veselina
Весения,Vesenija
Весмира,Vesmira
Весна,Vesna
Весняна,Vesnjana
Веста,Vesta
Вестита,Vestita
Вива,Viva
Вивея,Viveja
Вивиан,Vivian
Вивиана,Viviana
Вивьен,Viven
Видана,Vidana
Видна,Vidna
Вика,Vika
Викентия,Vikentija
Викторина,Viktorina
Виктория,Viktorija
Вила,Vila
Вилена,Vilena
Виленина,Vilenina
Вилора,Vilora
Вильгельмина,Vilgelmina
Виола,Viola
Виолета,Violeta
Виолетта,Violetta
Виорика,Viorika
Виргиния,Virginija
Вирджиния,Virdzhinija
Вирилада,Virilada
Виринея,Virineja
Вирсавия,Virsavija
Вита,Vita
Виталика,Vitalika
Виталина,Vitalina
Виталия,Vitalija
Витольда,Vitolda
Влада,Vlada
Владилена,Vladilena
Владимира,Vladimira
Владислава,Vladislava
Владлена,Vladlena
Власта,Vlasta
Властилина,Vlastilina
Воислава,Voislava
Вольга,Volga
Воля,Volja
Вселена,Vselena
Всеслава,Vseslava
Габи,Gabi
Габриэла,Gabriela
Габриэлла,Gabriella
Габриэль,Gabriel
Гала,Gala
Галата,Galata
Галатея,Galateja
Галея,Galeja
Гали,Gali
Галиана,Galiana
Галиба,Galiba
Галима,Galima
Галина,Galina
Галла,Galla
Галя,Galja
Гардения,Gardenija
Гая,Gaja
Гаянэ,Gajane
Гвен,Gven
Гвендолин,Gvendolin
Гелла,Gella
Геласия,Gelasija
Гемелла,Gemella
Гемина,Gemina
Гения,Genija
Геннадия,Gennadija
Геновефа,Genovefa
Генриетта,Genrietta
Героин,Geroin
Гера,Gera
Герда,Gerda
Германа,Germana
Герти,Gerti
Гертруда,Gertruda
Гея,Geja
Гиата,Giata
Гиацинта,Giatsinta
Глафира,Glafira
Гликерия,Glikerija
Глориоза,Glorioza
Глория,Glorija
Глэдис,Gledis
Голиндуха,Golinduha
Гонеста,Gonesta
Гонората,Gonorata
Горгония,Gorgonija
Горислава,Gorislava
Гортензия,Gortenzija
Градислава,Gradislava
Грейс,Grejs
Грета,Greta
Гретта,Gretta
Гюзель,Gjuzel
Гюльчатай,Gjulchataj
Гульшат,Gulshat
Далила,Dalila
Дамира,Damira
Дана,Dana
Даная,Danaja
Даника,Danika
Даниэла,Daniela
Данэлия,Danelija
Дара,Dara
Дарёна,Darena
Дарианна,Darianna
Дарина,Darina
Дарима,Darima
Дария,Darija
Дарья,Darja
Дарьяна,Darjana
Дасия,Dasija
Дафна,Dafna
Дебора,Debora
Дездемона,Dezdemona
Деина,Deina
Декабрина,Dekabrina
Делия,Delija
Дельфина,Delfina
Демьяна,Demjana
Денахиса,Denahisa
Дениза,Deniza
Денисия,Denisija
Денница,Dennitsa
Деспина,Despina
Дея,Deja
Джамиля,Dzhamilja
Джейн,Dzhejn
Джемайма,Dzhemajma
Джемма,Dzhemma
Дженет,Dzhenet
Дженнифер,Dzhennifer
Джеральдина,Dzheraldina
Джесс,Dzhess
Джесси,Dzhessi
Джессика,Dzhessika
Джин,Dzhin
Джина,Dzhina
Джоан,Dzhoan
Джоанна,Dzhoanna
Джозефин,Dzhozefin
Джози,Dzhozi
Джуди,Dzhudi
Джудит,Dzhudit
Джулиана,Dzhuliana
Джульетта,Dzhuletta
Диаманта,Diamanta
Диана,Diana
Дива,Diva
Дивея,Diveja
Дивина,Divina
Дивна,Divna
Дигна,Digna
Диляра,Diljara
Дина,Dina
Динара,Dinara
Динора,Dinora
Динэра,Dinera
Диодора,Diodora
Дионина,Dionina
Дия,Dija
Добрина,Dobrina
Доброгнева,Dobrogneva
Добромила,Dobromila
Добромира,Dobromira
Доброслава,Dobroslava
Долл,Doll
Долли,Dolli
Долорес,Dolores
Доминика,Dominika
Домитилла,Domitilla
Домна,Domna
Домника,Domnika
Домникия,Domnikija
Домнина,Domnina
Донара,Donara
Доната,Donata
Дора,Dora
Доржима,Dorzhima
Дорианна,Dorianna
Дорис,Doris
Доротея,Doroteja
Дороти,Doroti
Дорофея,Dorofeja
Доса,Dosa
Дося,Dosja
Досифея,Dosifeja
Дражена,Drazhena
Дросида,Drosida
Дульсинея,Dulsineja
Дуклида,Duklida
Дуня,Dunja
Дуся,Dusja
Ева,Eva
Евангелина,Evangelina
Еванфия,Evanfija
Евгения,Evgenija
Евдокия,Evdokija
Евдоксия,Evdoksija
Евлалия,Evlalija
Евлампия,Evlampija
Евмения,Evmenija
Евминия,Evminija
Евника,Evnika
Евникия,Evnikija
Евномия,Evnomija
Евпраксия,Evpraksija
Евсевия,Evsevija
Евстафия,Evstafija
Евстолия,Evstolija
Евтихия,Evtihija
Евтропия,Evtropija
Евфалия,Evfalija
Евфимия,Evfimija
Евфросиния,Evfrosinija
Екатерина,Ekaterina
Елена,Elena
Елизавета,Elizaveta
Еликонида,Elikonida
Елия,Elija
Емима,Emima
Енина,Enina
Епистима,Epistima
Епистимия,Epistimija
Ермиония,Ermionija
Есения,Esenija
Ефимия,Efimija
Ефимья,Efimja
Ефросиния,Efrosinija
Ефросинья,Efrosinja
Жулдыз,Zhuldyz
Жаклин,Zhaklin
Жанет,Zhanet
Жанна,Zhanna
Жасмин,Zhasmin
Жозефин,Zhozefin
Жозефина,Zhozefina
Жизель,Zhizel
Залина,Zalina
Зара,Zara
Зарема,Zarema
Зарина,Zarina
Заря,Zarja
Заряна,Zarjana
Звезда,Zvezda
Земфира,Zemfira
Зенона,Zenona
Зиглинда,Ziglinda
Зигрида,Zigrida
Зина,Zina
Зинаида,Zinaida
Зиновия,Zinovija
Зирина,Zirina
Злата,Zlata
Зоряна,Zorjana
Зоя,Zoja
Зульфия,Zulfija
Зухра,Zuhra
Ива,Iva
Иванна,Ivanna
Ида,Ida
Идея,Ideja
Иветта,Ivetta
Ивонна,Ivonna
Иезавель,Iezavel
Изабел,Izabel
Изабелла,Izabella
Изабель,Izabel
Изида,Izida
Изольда,Izolda
Илария,Ilarija
Илия,Ilija
Илона,Ilona
Ильвина,Ilvina
Ильина,Ilina
Инара,Inara
Инга,Inga
Инесса,Inessa
Инна,Inna
Иоанна,Ioanna
Иовилла,Iovilla
Иола,Iola
Иоланда,Iolanda
Иоланта,Iolanta
Ипполита,Ippolita
Ира,Ira
Ираида,Iraida
Ирена,Irena
Ирина,Irina
Ирма,Irma
Ирма,Irma
Ирэн,Iren
Исидора,Isidora
Иудифь,Iudif
Ифигения,Ifigenija
Ия,Ija
Каздоя,Kazdoja
Казимира,Kazimira
Калерия,Kalerija
Калида,Kalida
Калиса,Kalisa
Каллиникия,Kallinikija
Каллиста,Kallista
Каллисфения,Kallisfenija
Кама,Kama
Камилла,Kamilla
Кандида,Kandida
Капитолина,Kapitolina
Карина,Karina
Карла,Karla
Каролина,Karolina
Кароль,Karol
Катерина,Katerina
Катрин,Katrin
Калимат,Kalimat
Карла,Karla
Касиния,Kasinija
Каталина,Katalina
Кейт,Kejt
Келестина,Kelestina
Керкира,Kerkira
Кетевань,Ketevan
Киликия,Kilikija
Кима,Kima
Клитер,Kliter
Кира,Kira
Кириакия,Kiriakija
Кириана,Kiriana
Кирьяна,Kirjana
Кирилла,Kirilla
Китти,Kitti
Клавдия,Klavdija
Клара,Klara
Клариса,Klarisa
Клементина,Klementina
Клеопатра,Kleopatra
Клотильда,Klotilda
Клэр,Kler
Колетт,Kolett
Колетта,Koletta
Конкордия,Konkordija
Конни,Konni
Констанс,Konstans
Констанция,Konstantsija
Кора,Kora
Корделия,Kordelija
Корнелия,Kornelija
Кортни,Kortni
Крис,Kris
Кристи,Kristi
Кристиана,Kristiana
Кристин,Kristin
Кристина,Kristina
Ксанфиппа,Ksanfippa
Ксения,Ksenija
Купава,Kupava
Кьяра,Kjara
Кэрол,Kerol
Кэт,Ket
Кэти,Keti
Кэтлин,Ketlin
Кэтрин,Ketrin
Лавиния,Lavinija
Лавра,Lavra
Лада,Lada
Лайза,Lajza
Лариса,Larisa
Лаура,Laura
Леда,Leda
Лейла,Lejla
Лемира,Lemira
Ленина,Lenina
Леокадия,Leokadija
Леокардия,Leokardija
Леонида,Leonida
Леонила,Leonila
Леонина,Leonina
Леония,Leonija
Леонора,Leonora
Леопольда,Leopolda
Леопольдина,Leopoldina
Леопольдия,Leopoldija
Лера,Lera
Лесли,Lesli
Лея,Leja
Лиана,Liana
Ливия,Livija
Лидия,Lidija
Лиз,Liz
Лиза,Liza
Лиззи,Lizzi
Лилиан,Lilian
Лилиана,Liliana
Лилия,Lilija
Лина,Lina
Линда,Linda
Лира,Lira
Лия,Lija
Лола,Lola
Лолита,Lolita
Лолия,Lolija
Лолли,Lolli
Лонгина,Longina
Лора,Lora
Лоранс,Lorans
Лота,Lota
Лотта,Lotta
Лотти,Lotti
Луиза,Luiza
Лукерья,Lukerja
Лукиана,Lukiana
Лукия,Lukija
Лукреция,Lukretsija
Луна,Luna
Ляля,Ljalja
Любава,Ljubava
Любовь,Ljubov
Любомила,Ljubomila
Любомира,Ljubomira
Людмила,Ljudmila
Люси,Ljusi
Люся,Ljusja
Люсьен,Ljusen
Люсьена,Ljusena
Люцина,Ljutsina
Люция,Ljutsija
Мавра,Mavra
Магда,Magda
Магдалина,Magdalina
Магна,Magna
Маделейн,Madelejn
Маделина,Madelina
Мадж,Madzh
Мадлен,Madlen
Маина,Maina
Майма,Majma
Майя,Majja
Макико,Makiko
Макрина,Makrina
Максима,Maksima
Малания,Malanija
Маланья,Malanja
Малина,Malina
Мальвина,Malvina
Мамелфа,Mamelfa
Манефа,Manefa
Маргарет,Margaret
Маргарита,Margarita
Марджери,Mardzheri
Марджи,Mardzhi
Марджори,Mardzhori
Мариам,Mariam
Мариамна,Mariamna
Мариана,Mariana
Марианна,Marianna
Мариетта,Marietta
Марион,Marion
Марина,Marina
Марионилла,Marionilla
Мариэтта,Marietta
Мария,Marija
Марка,Marka
Маркеллина,Markellina
Маркиана,Markiana
Марксина,Marksina
Марлена,Marlena
Марта,Marta
Мартина,Martina
Мартиниана,Martiniana
Марфа,Marfa
Марья,Marja
Марьяна,Marjana
Мастридия,Mastridija
Матильда,Matilda
Матрёна,Matrena
Матрона,Matrona
Мая,Maja
Медея,Medeja
Мег,Meg
Мегги,Meggi
Мей,Mej
Мейбл,Mejbl
Мейми,Mejmi
Мелания,Melanija
Меланья,Melanja
Мелитина,Melitina
Мередит,Meredit
Меркурия,Merkurija
Мерона,Merona
Милана,Milana
Милдред,Mildred
Милена,Milena
Милица,Militsa
Милия,Milija
Милли,Milli
Милослава,Miloslava
Милютина,Miljutina
Мина,Mina
Минна,Minna
Минни,Minni
Минодора,Minodora
Мира,Mira
Мирабел,Mirabel
Мирабелла,Mirabella
Мирабель,Mirabel
Миранда,Miranda
Мириам,Miriam
Миропия,Miropija
Мирослава,Miroslava
Мирра,Mirra
Митродора,Mitrodora
Михайлина,Mihajlina
Михалина,Mihalina
Мия,Mija
Млада,Mlada
Мод,Mod
Модеста,Modesta
Моика,Moika
Молл,Moll
Молли,Molli
Моника,Monika
Мстислава,Mstislava
Муза,Muza
Мэг,Meg
Мэгги,Meggi
Мэдж,Medzh
Мэй,Mej
Мэри,Meri
Мэриан,Merian
Мэрион,Merion
Мэт,Met
Мэтт,Mett
Мэтти,Metti
Мюриель,Mjuriel
Мюриэл,Mjuriel
Мюриэль,Mjuriel
Нада,Nada
Надежда,Nadezhda
Назима,Nazima
Наима,Naima
Наина,Naina
Нан,Nan
Нана,Nana
Нанс,Nans
Нанси,Nansi
Наоми,Naomi
Наргиз,Nargiz
Наркисса,Narkissa
Настасия,Nastasija
Настасья,Nastasja
Нат,Nat
Натали,Natali
Наталия,Natalija
Наталья,Natalja
Невиль,Nevil
Нел,Nel
Нелл,Nell
Нелли,Nelli
Ненила,Nenila
Неонила,Neonila
Нет,Net
Нетти,Netti
Нида,Nida
Ника,Nika
Никки,Nikki
Николь,Nikol
Нила,Nila
Нимфа,Nimfa
Нимфодора,Nimfodora
Нина,Nina
Нинель,Ninel
Нинетта,Ninetta
Нинон,Ninon
Новелла,Novella
Нол,Nol
Нолл,Noll
Нолли,Nolli
Нонна,Nonna
Нора,Nora
Ноэль,Noel
Ноэми,Noemi
Ноябрина,Nojabrina
Нунехия,Nunehija
Нэн,Nen
Нэнни,Nenni
Нэнс,Nens
Нэнси,Nensi
Нэт,Net
Нюра,Njura
Одетта,Odetta
Одри,Odri
Оксана,Oksana
Октавия,Oktavija
Октябрина,Oktjabrina
Олдама,Oldama
Олеся,Olesja
Олив,Oliv
Оливия,Olivija
Олимпиада,Olimpiada
Олимпиодора,Olimpiodora
Олимпия,Olimpija
Ольга,Olga
Ольда,Olda
Оттилия,Ottilija
Офелия,Ofelija
Павла,Pavla
Павлина,Pavlina
Падди,Paddi
Паисия,Paisija
Паллада,Pallada
Палладия,Palladija
Пальмира,Palmira
Пандора,Pandora
Параскева,Paraskeva
Пат,Pat
Пати,Pati
Патимат,Patimat
Патрикия,Patrikija
Патриция,Patritsija
Патти,Patti
Паула,Paula
Паулина,Paulina
Пег,Peg
Пегги,Peggi
Пелагея,Pelageja
Пен,Pen
Пенелопа,Penelopa
Пенни,Penni
Перегрина,Peregrina
Перпетуя,Perpetuja
Петра,Petra
Петрина,Petrina
Петронилла,Petronilla
Петрония,Petronija
Пиамя,Piamja
Пинна,Pinna
Плакида,Plakida
Плакилла,Plakilla
Платонида,Platonida
Победа,Pobeda
Пола,Pola
Полактия,Polaktija
Поликсена,Poliksena
Поликсения,Poliksenija
Полина,Polina
Полл,Poll
Полли,Polli
Поплия,Poplija
Порция,Portsija
Правдина,Pravdina
Прасковья,Praskovja
Препедигна,Prepedigna
Прискилла,Priskilla
Присцилла,Pristsilla
Просдока,Prosdoka
Пульхерия,Pulherija
Пульхерья,Pulherja
Пэг,Peg
Пэгги,Peggi
Пэдди,Peddi
Пэт,Pet
Пэтти,Petti
Равина,Ravina
Рада,Rada
Радана,Radana
Радима,Radima
Радислава,Radislava
Радмила,Radmila
Радомира,Radomira
Радосвета,Radosveta
Радослава,Radoslava
Радость,Radost
Раиса,Raisa
Ракель,Rakel
Ралина,Ralina
Рафаила,Rafaila
Рахиба,Rahiba
Рахиль,Rahil
Ребекка,Rebekka
Ревекка,Revekka
Ревмира,Revmira
Регина,Regina
Реджина,Redzhina
Рейчел,Rejchel
Рема,Rema
Рената,Renata
Речел,Rechel
Риа,Ria
Римма,Rimma
Рина,Rina
Рината,Rinata
Рипсимия,Ripsimija
Рита,Rita
Рия,Rija
Роберта,Roberta
Робин,Robin
Рогнеда,Rogneda
Роза,Roza
Розабел,Rozabel
Розабелла,Rozabella
Розалин,Rozalin
Розалина,Rozalina
Розалинд,Rozalind
Розалинда,Rozalinda
Розали,Rozali
Розалия,Rozalija
Розамонд,Rozamond
Розамонда,Rozamonda
Розамунд,Rozamund
Розамунда,Rozamunda
Розанна,Rozanna
Розина,Rozina
Розмари,Rozmari
Роксана,Roksana
Рокси,Roksi
Романа,Romana
Ростислава,Rostislava
Роуз,Rouz
Русана,Rusana
Руслана,Ruslana
Рут,Rut
Руфина,Rufina
Руфиниана,Rufiniana
Руфь,Ruf
Сабина,Sabina
Сабрина,Sabrina
Савватия,Savvatija
Савелла,Savella
Савина,Savina
Саида,Saida
Салли,Salli
Саломея,Salomeja
Сальвия,Salvija
Саманта,Samanta
Самона,Samona
Сандра,Sandra
Сара,Sara
Сарра,Sarra
Сатира,Satira
Саша,Sasha
Светислава,Svetislava
Светлана,Svetlana
Светозара,Svetozara
Святослава,Svjatoslava
Севастьяна,Sevastjana
Северина,Severina
Сейди,Sejdi
Секлетея,Sekleteja
Секлетинья,Sekletinja
Селена,Selena
Селеста,Selesta
Селестина,Selestina
Селин,Selin
Селина,Selina
Серафима,Serafima
Сесил,Sesil
Сесилия,Sesilija
Сесиль,Sesil
Сибил,Sibil
Сибилла,Sibilla
Сильва,Silva
Сильвана,Silvana
Сильвестра,Silvestra
Сильвия,Silvija
Симона,Simona
Синклитикия,Sinklitikija
Сира,Sira
Слава,Slava
Славяна,Slavjana
Снандулия,Snandulija
Снежана,Snezhana
Сола,Sola
Соломия,Solomija
Соломонида,Solomonida
Сона,Sona
Соня,Sonja
Сосипатра,Sosipatra
Софи,Sofi
София,Sofija
Софья,Sofja
Софрония,Sofronija
Станислава,Stanislava
Стелла,Stella
Степанида,Stepanida
Стефани,Stefani
Стефанида,Stefanida
Стефания,Stefanija
Стеша,Stesha
Сусанна,Susanna
Сью,Sju
Сьюзан,Sjuzan
Сьюзи,Sjuzi
Сюзанна,Sjuzanna
Сэди,Sedi
Сэл,Sel
Сэлли,Selli
Сэм,Sem
Сэмми,Semmi
Тавифа,Tavifa
Таисия,Taisija
Таисья,Taisja
Тамара,Tamara
Тамила,Tamila
Тарасия,Tarasija
Татьяна,Tatjana
Тая,Taja
Тейа,Teja
Тейлор,Tejlor
Текуса,Tekusa
Теодора,Teodora
Теона,Teona
Терри,Terri
Тереза,Tereza
Тесс,Tess
Тесса,Tessa
Тея,Teja
Тиб,Tib
Тибби,Tibbi
Тигрия,Tigrija
Тилда,Tilda
Тилли,Tilli
Тильда,Tilda
Тина,Tina
Тихомира,Tihomira
Тихослава,Tihoslava
Тия,Tija
Тома,Toma
Томила,Tomila
Транквиллина,Trankvillina
Трифена,Trifena
Трофима,Trofima
Труди,Trudi
Тэй,Tej
Уин,Uin
Уинни,Uinni
Уинифред,Uinifred
Улита,Ulita
Улькяр,Ulkjar
Ульяна,Uljana
Ума,Uma
Уми,Umi
Уна,Una
Урбана,Urbana
Урсула,Ursula
Устина,Ustina
Устиния,Ustinija
Устинья,Ustinja
Фабиана,Fabiana
Фавста,Favsta
Фавстина,Favstina
Фаина,Faina
Фанни,Fanni
Фантина,Fantina
Фатима,Fatima
Фарида,Farida
Феврония,Fevronija
Февронья,Fevronja
Федоза,Fedoza
Федора,Fedora
Федосия,Fedosija
Федосья,Fedosja
Федотия,Fedotija
Федотья,Fedotja
Федула,Fedula
Фёкла,Fekla
Фекуса,Fekusa
Феликса,Feliksa
Фелица,Felitsa
Фелицата,Felitsata
Фелициана,Felitsiana
Фелицитата,Felitsitata
Фелиция,Felitsija
Феогния,Feognija
Феодора,Feodora
Феодосия,Feodosija
Феодота,Feodota
Феодотия,Feodotija
Феодула,Feodula
Феодулия,Feodulija
Феозва,Feozva
Феоктиста,Feoktista
Феона,Feona
Феонилла,Feonilla
Феония,Feonija
Феопистия,Feopistija
Феосевия,Feosevija
Феофания,Feofanija
Феофила,Feofila
Фервуфа,Fervufa
Фессалоника,Fessalonika
Фессалоникия,Fessalonikija
Фетиния,Fetinija
Фетинья,Fetinja
Фея,Feja
Фива,Fiva
Фивея,Fiveja
Фиделия,Fidelija
Филарета,Filareta
Филиппа,Filippa
Филиппия,Filippija
Филомена,Filomena
Филонилла,Filonilla
Филофея,Filofeja
Фирентия,Firentija
Фиста,Fista
Флавия,Flavija
Флëна,Flëna
Фло,Flo
Флой,Floj
Флора,Flora
Флоранс,Florans
Флоренс,Florens
Флорентина,Florentina
Флоренция,Florentsija
Флориана,Floriana
Флорида,Florida
Флосси,Flossi
Флюра,Fljura
Фомаида,Fomaida
Фортуната,Fortunata
Фотина,Fotina
Фотиния,Fotinija
Фотинья,Fotinja
Франческа,Francheska
Франциска,Frantsiska
Фрида,Frida
Фридерика,Friderika
Хаврония,Havronija
Хана,Hana
Ханна,Hanna
Хариесса,Hariessa
Хариса,Harisa
Харита,Harita
Харитина,Haritina
Харриет,Harriet
Хелен,Helen
Хилари,Hilari
Хильда,Hilda
Хильми,Hilmi
Хиония,Hionija
Хлоя,Hloja
Хоуп,Houp
Хриса,Hrisa
Хрисия,Hrisija
Христиана,Hristiana
Христина,Hristina
Хэрриет,Herriet
Хэрриот,Herriot
Хэтти,Hetti
Цвета,Tsveta
Цветана,Tsvetana
Целестина,Tselestina
Цецилия,Tsetsilija
Циля,Tsilja
Чеслава,Cheslava
Чинара,Chinara
Чулпан,Chulpan
Чурок,Churok
Шагане,Shagane
Шаганэ,Shagane
Шамиля,Shamilja
Шарлиз,Sharliz
Шарлин,Sharlin
Шарлотта,Sharlotta
Шахзода,Shahzoda
Шейла,Shejla
Шейлин,Shejlin
Шелли,Shelli
Шеннон,Shennon
Шерил,Sheril
Шерли,Sherli
Шерлин,Sherlin
Шила,Shila
Ширли,Shirli
Шура,Shura
Шушаника,Shushanika
Шэрон,Sheron
Эва,Eva
Эвелин,Evelin
Эвелина,Evelina
Эврисфея,Evrisfeja
Эгина,Egina
Эделина,Edelina
Эдельвейс,Edelvejs
Эдит,Edit
Эдна,Edna
Эдуарда,Eduarda
Эйла,Ejla
Эйя,Ejja
Эка,Eka
Элалия,Elalija
Элен,Elen
Элеонора,Eleonora
Элиза,Eliza
Элизабет,Elizabet
Элина,Elina
Элинор,Elinor
Элис,Elis
Элисса,Elissa
Элла,Ella
Эллада,Ellada
Эллен,Ellen
Элли,Elli
Эллина,Ellina
Элоиза,Eloiza
Элси,Elsi
Эльвина,Elvina
Эльвира,Elvira
Эльза,Elza
Эля,Elja
Эм,Em
Эмери,Emeri
Эми,Emi
Эмилиана,Emiliana
Эмили,Emili
Эмилия,Emilija
Эмина,Emina
Эмм,Emm
Эмма,Emma
Эммануэль,Emmanuel
Эмми,Emmi
Энже,Enzhe
Эннафа,Ennafa
Эра,Era
Эрика,Erika
Эрнеста,Ernesta
Эрнестина,Ernestina
Эсмеральда,Esmeralda
Эстер,Ester
Эсфирь,Esfir
Этель,Etel
Этта,Etta
Эфи,Efi
Юдифь,Judif
Юлиана,Juliana
Юлиания,Julianija
Юлия,Julija
Юния,Junija
Юнона,Junona
Юрия,Jurija
Юстина,Justina
Юна,Juna
Ядвига,Jadviga
Яна,Jana
Янина,Janina
Ярина,Jarina
Ярослава,Jaroslava
Ясна,Jasna
Яся,Jasja
Ясмина,Jasmina
