,0
0,rbtshki
1,yandex
2,techno_yandex
3,pochinka
4,mknewsru
5,gigabyteru
6,habr_com
7,SamsungRussia
8,alice_yndx
9,realmerussia
10,overlamer1
11,twogis
12,naebnet
13,GPTMainNews
14,exploitex
15,Wylsared
16,Romancev768
17,rozetked
18,d_code
19,official_gigachat
20,TechGPTNews
21,mintsifry
22,DeepTechNET
23,mvideoandeldorado
24,rbtshki
25,yandex
26,techno_yandex
27,pochinka
28,mknewsru
29,gigabyteru
30,habr_com
31,SamsungRussia
32,alice_yndx
33,realmerussia
34,overlamer1
35,twogis
36,naebnet
37,GPTMainNews
38,exploitex
39,Wylsared
40,Romancev768
41,rozetked
42,d_code
43,official_gigachat
44,TechGPTNews
45,mintsifry
46,DeepTechNET
47,mvideoandeldorado
48,rbtshki
49,yandex
50,techno_yandex
51,pochinka
52,mknewsru
53,gigabyteru
54,habr_com
55,SamsungRussia
56,alice_yndx
57,realmerussia
58,overlamer1
59,twogis
60,Deanon_Artemka
61,SecLabNews
62,haccking
63,irozysk
64,true_secator
65,Russian_OSINT
66,codeby_sec
67,elliot_cybersec
68,antidetect
69,alukatsky
70,CyberSec_tg
71,exploitex
72,whackdoor
73,bugfeature
74,Social_engineering
75,dataleak
76,overlamer1
77,cyber_cabb
78,hack_less
79,cyberyozh_official
80,Deanon_Artemka
81,SecLabNews
82,haccking
83,irozysk
84,true_secator
85,Russian_OSINT
86,codeby_sec
87,elliot_cybersec
88,antidetect
89,alukatsky
90,CyberSec_tg
91,exploitex
92,whackdoor
93,bugfeature
94,Social_engineering
95,dataleak
96,overlamer1
97,cyber_cabb
98,hack_less
99,cyberyozh_official
100,Deanon_Artemka
101,SecLabNews
102,haccking
103,irozysk
104,true_secator
105,Russian_OSINT
106,codeby_sec
107,elliot_cybersec
108,antidetect
109,alukatsky
110,CyberSec_tg
111,webprogrammists
112,amnezia_vpn
113,sysodmins_news
114,radio_t_chat
115,rztkd_chat
116,csharp_faggots_fan_club
117,ssl1c
118,appleinsiderru_official
119,official_xochat
120,sberdevices_chat
121,tamoshub
122,berkat_mobi2
123,K_3_D
124,telefon_mastera
125,chatappleznaika
126,webprogrammists
127,amnezia_vpn
128,sysodmins_news
129,radio_t_chat
130,rztkd_chat
131,csharp_faggots_fan_club
132,ssl1c
133,appleinsiderru_official
134,official_xochat
135,sberdevices_chat
136,tamoshub
137,berkat_mobi2
138,K_3_D
139,telefon_mastera
140,chatappleznaika
141,webprogrammists
142,amnezia_vpn
143,sysodmins_news
144,radio_t_chat
145,TrendWatching24
146,neuralmachine
147,rbtshki
148,mintsifry
149,exploitex
150,naebnet
151,whackdoor
152,rozetked
153,Wylsared
154,chatgpt3
155,encryptedch
156,remedia
157,bugnotfeature
158,itmemes
159,codecamp
160,TrendWatching24
161,neuralmachine
162,rbtshki
163,mintsifry
164,exploitex
165,naebnet
166,whackdoor
167,rozetked
168,Wylsared
169,chatgpt3
170,encryptedch
171,remedia
172,bugnotfeature
173,itmemes
174,codecamp
175,TrendWatching24
176,neuralmachine
177,rbtshki
178,tgstat.ru
179,xakep_ru
180,SecLabNews
181,d_code
182,Wylsared
183,yandex
184,xakep_ru
185,SecLabNews
186,d_code
187,Wylsared
188,yandex
189,xakep_ru
190,SecLabNews
191,naebnet
192,gpt4telegram
193,GPTMainNews
194,milord_q
195,exploitex
196,Wylsared
197,TrendWatching24
198,Romancev768
199,chatgpt3
200,whackdoor
201,concertzaal
202,hiaimedia
203,technomotel
204,rozetked
205,cjournal_neyroseti
206,habr_media
207,gptpublic
208,NewHiTech9
209,bugfeature
210,steosvoice
211,d_code
212,novosty_marketinga
213,remedia
214,bugnotfeature
215,encryptedch
216,pachev
217,ChatGPT_BotNews
218,aiaiai
219,official_gigachat
220,malepeg
221,Lutshie_Kursy_1C
222,YouFastVPN
223,feachermedia
224,neirosety
225,TechGPTNews
226,mintsifry
227,codecamp
228,DeepTechNET
229,iPumpBrain
230,geniusfunction
231,DoubleSource
232,neuronbo
233,mvideoandeldorado
234,rbtshki
235,PROTechnology_news
236,neuraldvig
237,sakutin_csharp
238,TheMuskEra
239,gpt_news
240,WatcherTechno
241,yandex
242,progbook
243,fanton_nft_ru
244,dnsmsmsmx
245,itmemes
246,obzor_neirosetei
247,DigitaliumIT
248,python_piton_javascript
249,YablomaniyaNews
250,batutelona
251,xTHILx
252,tehnonewsnow
253,techno_yandex
254,chadgpt_ru
255,dosugnet
256,PushEnter
257,hitvpn_news
258,Social_engineering
259,gpt_chat_chatgpt
260,midjourney_home
261,novosti_budushego
262,apple_tg
263,backspace_mag
264,Iskusstvenni_intellekt
265,pochinka
266,pro_ai_official
267,mknewsru
268,edya_robot
269,ITMagistrat
270,kyberhub
271,starline_channel
272,androidclubnik
273,lifegoodd1
274,Technobutik
275,texnofichi
276,geekneural
277,gigabyteru
278,habr_com
279,Elon_Musk_Tesla_Motors
280,CryptoArmy_ton
281,edinorog_q
282,chatgpthunter
283,syndicatecyber
284,iznytri
285,PythonAA
286,SamsungRussia
287,neuroadepts
288,UnlimGPTBot
289,alice_yndx
290,trojan_anonym
291,gpt4_tg
292,ai_machinelearning_big_data
293,JarvisNew
294,technopark_ru
295,realmerussia
296,overlamer1
297,cyber_cabb
298,twogis
299,tproger
300,proglibrary
301,hack_less
302,elonmusk_ru
303,neuro_code
304,fon_tech
305,ideniphonerf
306,ITidigitalss
307,howdyho_official
308,addmeto
309,FostersNews
310,ITshnikPro
311,ironmanexpress
312,pythonist24
313,nuancesprog
314,ChatGPTandIT
315,pro_ai_news
316,leftjoin
317,cyberfreek
318,netstalkers
319,SmartZoneZ
320,telegaromanycha
321,black_triangle_tg
322,neafiol_blog
323,droidergram
324,itcour1
325,ai_ins
326,ultraPK
327,neirosetblog
328,programmer_memes
329,aimasterminds
330,ithumor
331,GeegHubIT
332,cyberyozh_official
333,okotechno
334,lolz_legal
335,iphonesru
336,thecodemedia
337,ChatGPT_General_RU
338,python2day
339,SecLabNews
340,hacker_frei
341,chatgpt_neiro_news
342,haccking
343,chatgpt_main
344,restore_ru
345,SyaoSir
346,RealTechru
347,atishnik
348,bfbook
349,python_academy
350,sacredsoftware
351,pro_neiroset
352,vapcbuild
353,Pulse_GPT
354,gpttg
355,wind_community
356,TechObserve
357,htech_plus
358,involta
359,the_next_leveI
360,ba_sa_analytics
361,rhymecoin
362,NeuralMagic_official
363,zatelecom
364,irozysk
365,ai_newz
366,devopsforlove
367,source_code
368,technology_future_cyberpunk
369,procode404
370,python_secrets
371,AI_Chad
372,iOSshortcut
373,open_source_friend
374,analytics_secrets
375,vistehno
376,techsparks
377,glav_hack
378,kloktun
379,it_boooks
380,PC_Repackers
381,gpt4turbo
382,cryptoartefaktik
383,pythonl
384,tbite
385,pro_ai_novosti
386,seeallochnaya
387,irb_uik
388,IT_ABC
389,samsung1galaxy
390,avito_re_pro
391,progbook2
392,NeuralShit
393,tecnorussia
394,ipoint_stores
395,neuralmachine
396,habr_community
397,pcTeapot
398,gpt3ru
399,yourAIplanet
400,ramzan
401,booki47
402,openit_tg
403,Colibri_bots
404,Crypta_Ai
405,gemini_bard_google
406,extremecode
407,technodrifters
408,android_5play
409,rozetkedlive
410,pythonbooks
411,pyproglib
412,Bezprovodov174
413,unity_gamedev_unreal
414,xor_journal
415,ITSTAND_ORG
416,itsorm
417,py_1000_prog
418,intersvyaz
419,groks
420,mobiltelefonru
421,inewsapple
422,profunctor_io
423,imcybers
424,megafon_online
425,YANtech
426,ulbi_tv
427,technodeus2023
428,deep_fake_bot_news
429,seniorpy
430,unlim_ai
431,bzd_channel
432,PomaIIIka_13
433,it_secur
434,porscode_tg
435,iPhoneJobs
436,gbwamod
437,data_analysis_ml
438,true_secator
439,compshop_ru
440,tlgdoc
441,AppleThemeYouTube
442,pekinblizko
443,otomosem
444,gptchat_bot_news
445,pogromist_it
446,frontendnoteschannel_ru
447,tekhnologiik
448,rootkalisploit
449,osint_mindset
450,tehnol1fe
451,gadgetlavka
452,sitodel
453,TelegaTheBox
454,telecommunal
455,uxlive
456,protone
457,ITtishka
458,toptehnikavdom
459,pygen_ru
460,mdsays
461,TrendTechno24
462,Not_lt
463,chatgpt4_work
464,rkn_tg
465,neural_braining
466,Selectel
467,deminslounge
468,serious_tester
469,COLGEME
470,godoftesting
471,chestniyblog
472,fantastic_news
473,linuxkalii
474,skolkovolive
475,neuranews
476,chinagadgetsofficial
477,cmd_it
478,itsupergeniy
479,prohitec
480,vnotebook31
481,place_ma1n
482,Russian_OSINT
483,real4pda
484,it_pirate_tg
485,codeby_sec
486,hisenserussia
487,data_secrets
488,regardru
489,databases_secrets
490,Tehnomaks
491,maniacvoice
492,solver_network
493,MyPEKA
494,Alek_OS
495,javalib
496,qwazaree
497,developer_shelf
498,Popmeh
499,neural_set
500,mobilereviewcom
501,rebrain_devops
502,neyrosetie
503,icity_store
504,vskinsur
505,it_imba
506,xakep_ru
507,Tehnobzor_it
508,hackerspace_ru
509,front_end_dev
510,Sova4ainik
511,sysodmins
512,digital_ninjaa
513,book_sbornik
514,news_engineering
515,characterainsfw
516,oqode
517,jdmaxchannel
518,seniorFront
519,Python_per_month
520,Golang_google
521,qachanell
522,gopractice
523,powerdeviceofficial
524,technicalrooom
525,bork_public
526,ctodaily
527,DigitalTesla
528,cgevent
529,tproger_web
530,voron_fpv
531,NeurovisionNexus
532,antidetect
533,uchetbezzabot_1c
534,moscow_2030
535,TechAIExplorers
536,polza_channel
537,conhum
538,iirepresent
539,na_sviazi
540,cg_pods
541,srv_admin
542,fedevelopment
543,shahabstore14
544,seytuevru
545,erdigitalprof
546,rosseti_official
547,SborkaPC_Ali
548,tuneapple
549,TimepadRU
550,t0digital
551,pmdaily
552,vktarget_news
553,binarcat
554,alexandr_kames
555,pythonist_ru
556,ai2smm
557,backend_it
558,javaproglib
559,akimov13shop
560,sqlhub
561,aioftheday
562,prgrcab
563,it_tochka
564,klatel
565,RalfHackerChannel
566,alukatsky
567,bitrix24_ru
568,rosatomru
569,alainetwork
570,cozy_it
571,appleinsider
572,revealthedata
573,NeuroTechHorizons
574,lux_code
575,web3_easy
576,ruspm
577,S_E_Book
578,github_repos
579,kod_zheltyi
580,smartphonesecrets
581,GPThelp_ru
582,SDWaifu
583,gadget_bar_ru
584,termalpad_cards
585,imaxairu
586,pythonbooksru
587,techograminside
588,i_odmin
589,ai_nox
590,devopsina
591,knijnoe_xranilishe
592,slezi_satoshi_slivs
593,CyberSec_tg
594,TK_biz
595,frontendproglib
596,pythonlbooks
597,csharpproglib
598,singularityp0int
599,print3Dkaif
600,mtsofficial
601,S_E_Reborn
602,iphoneoptom77
603,xo_py
604,sysadmin_library
605,orgTechAi
606,m0rtymerr_channel
607,opt_n333
608,it_books_tg
609,Yandex4Developers
610,prog_point
611,tg_security
612,euphoria_devs
613,FPV_vyZOV
614,bookofgeek
615,neural_houses
616,KarpovCourses
617,sl1vakerA
618,yolodroider
619,okno_media
620,portalToIT
621,zen_of_python
622,SOFTfail
623,bezopasno_soft
624,cryptovalerii
625,smart_habitat
626,easyoffer_ru
627,device24
628,MiTechStore
629,highloadofficial
630,good_air1
631,cppproglib
632,AIMedia_TheBest
633,bes_pilot
634,InnovativeAIThinkTank
635,skynet_A
636,dushapitona
637,itles_tg
638,themarfa
639,operby
640,maxxpc21
641,kingstore_service
642,appleclassaction
643,seniorjavist
644,Oblako_sxem
645,happypc
646,alexmakus
647,appleinside
648,first_neiro
649,BomberVirusSoft
650,clickordie
651,rockyourdata
652,neuroskep
653,qa_sklad
654,AIRevolutionMindset
655,ITB_est
656,it_guides
657,os_linux_ru
658,newsgw
659,GPTveshaet
660,leadgr
661,AISolutionsTechGPT
662,programmist_of
663,techcrunchru
664,foodtechonline
665,trinitydn
666,inside_vk
667,BookPython
668,phoenix_mobile_operator
669,senior_front
670,goproglib
671,devlib
672,TheOpen_Ai
673,martyfiles
674,IT_Texnologe
675,python_textbooks
676,aezahost_ru
677,bithovenai
678,devs_storage
679,nsp_ai
680,bashdays
681,konspekty_shpargalki
682,Wotclue_eu
683,chatplaceio
684,productdo
685,vkjobs
686,technovitrina
687,techinsiderru
688,python_job_interview
689,g_code
690,pythonknigi
691,devbooksarchive
692,unilecs
693,yablochnaya77
694,radiolubitelTV
695,NeuroIntelliTech
696,ftsec
697,dsproglib
698,thingsprogrammersdo
699,machinelearning_interview
700,evilbug
701,techrocksarchive
702,unvSPEED
703,SmartTechAIInsights
704,neironity
705,imba_channel
706,lab_hack
707,ProCyberEx
708,xCode_Journal
709,AIInnovativeTech
710,Inter_sh0p
711,it_kartinki
712,rtechnocom
713,iguides
714,it_newspaper1
715,behumanai
716,bite_sized_digital
717,neurogen_news
718,QuantumMindTech
719,progeri
720,istoregroznyy
721,AITechEvolutionary
722,CodeInnovationHub
723,blockchainRF
724,product_channel_fit
725,mashagpt
726,AIMindInnovations
727,TechAIQuantumVision
728,openit_archive
729,yoomoney
730,science_peace
731,it_academy_tg
732,DigitalNeuroTech
733,abdonsy
734,coursmax
735,DevOPSitsec
736,datasets1
737,vakansiii_ivanovo
738,WizardChatGPT
739,itainik
740,forensictools
741,hidemyname_ru
742,Bell_tech
743,opporussia_official
744,bookflow
745,mainframe_gadget_galaxy
746,azbang_pony
747,MindWaveTechs
748,NeuroIntelli
749,bamrus
750,theaftertimes
751,cyberyozh_academy
752,FutureNeuroTech
753,code_library
754,school_network
755,smartmkp
756,TechRevolutionAI
757,gonzo_ML
758,kyiv_twilight_immortal
759,devops_sc
760,aram_apple7
761,Sevenconnection
762,skillfactory
763,IT_Best_Lessons
764,AISmartNeuro
765,kingstoreshop
766,seniorsoftwarevlogger
767,books_osint
768,incantevole_amore
769,kompuktershow
770,techrocks
771,techmarketingX
772,Positive_Technologies
773,remontka_pro
774,ofd24
775,GPTChatbotru
776,ru3dnews
777,devhumor_tg
778,techskill
779,IT_backdoor
780,nextrpnews
781,javascript_jobs_feed
782,AISmartNeuro_DE
783,devsp
784,stanislaru
785,usher2
786,elneuro_ai
787,frontendbook
788,glazovpc
789,dbbooks
790,analyticsgrowthmindset
791,vrejik_global
792,neyrosetl
793,QuantumTechAI
794,cybersec_academy
795,itlecture
796,neuropunkgpt
797,sIivaker
798,xiaomisib
799,tips_ai
800,webstandards_ru
801,MindfulCodeAI
802,mikrotik_sensei
803,tech_ru
804,webpwn
805,NostalgiePK_official
806,datascienceml_jobs
807,beeline
808,ozon_tech
809,seniorsql
810,Ai_Newsss
811,localhost_public
812,astontrainee
813,codeclean
814,mobi_dev
815,thomas_technology_store
816,forwebdev
817,reshetnev_iss
818,HIERA0
819,easy_javascript_ru
820,machinelearning_ru
821,keysOutline
822,javascriptv
823,product_and_project
824,AIQuantumTech
825,radjabov_mobile_ast
826,xiaomifanrussia
827,prog_tools
828,linkmeup_podcast
829,dsorkin
830,itbezposhady
831,goskey_goskey
832,csharp_ci
833,NeuroByteTech
834,krotinfo_bot
835,horrors_echo_chamber_gen
836,ATOMROSTOV
837,searchack
838,bestnahodkiwb
839,unseen_scenewhispers
840,apple_theme
841,polzaSAS
842,texnogarri
843,dimaviperyoutube
844,departament_yabloka
845,BugUser
846,it_sensei
847,icipr
848,linux_books
849,russioncyberchannel
850,savinsname
851,VirtualNeuralNetwork_Mf
852,mediatrolling
853,unrealenginecis
854,FutureAITechnology
855,dl_stories
856,CodeMindsetAI
857,ii_v_dele
858,bemoreai
859,Python_Community_ru
860,darkempiresss
861,MinePlexBot_Rus
862,FRP_Plusko
863,hacckingbook
864,pythonexpert_it
865,machinelearning_books
866,devopslibrary
867,metaverse_vk
868,devs_store
869,cyprusit
870,IT_picnic
871,revolution_tech_growth
872,bug_bounty_channel
873,neurobiznes
874,intosecurity
875,it_arch
876,feronmoney
877,pythonquestions
878,nwindpro
879,iStore116
880,SmartTechSolutions1
881,pixelcraft_life_designs
882,remobile
883,javatg
884,avitotech
885,nsis_cybersec
886,python_books_archive
887,drussia
888,ai_business_philosophy
889,thoughts_on_cufflinks
890,Za5minyt
891,dushnob
892,cloudruprovider
893,alexcouncil
894,htmlshit
895,booksqa
896,gai68
897,econ_ai_finance
898,spravportal_whocalls
899,icl_volgograd
900,milrev
901,AIDigitalFrontiers
902,vip_nomerastore
903,OnionmaskTG
904,kind_hack
905,senior_javist
906,mainchanne1
907,tomhunter
908,AppleWorldspb
909,micommrussia
910,dakarTG
911,justpython_it
912,package_security
913,android_broadcast
914,chartomojka
915,linux_education
916,itbook_library
917,digital_musk_legacy
918,InsightfulAI
919,sbornik_znanii
920,sterkin_ru
921,osintkanal
922,js_test
923,Java_per_month
924,itlibrary
925,qa_wiki
926,pythonboost
927,ITMeeting
928,bigdatai
929,newsit_2
930,encyclopedia_blockchainium
931,kremgalya
932,miranda_media_officially
933,lantern_russia
934,codeblog
935,topappleopt
936,class_python
937,bezlimitofficial_tg
938,SeveraAIClub
939,neurohub
940,HowTo_SQL
941,react_tg
942,CryptoBlockXTech
943,dimension_arvr_seekers
944,odyssey_it_exploration
945,flame_kerosene_tales
946,sber_devices
947,cpluspluc
948,MI_SERVERS
949,ml_world
950,neironka_tg
951,vrpolygonator
952,interab3
953,MindTechRevolutionAIW
954,zavtracast
955,cybersciense
956,rostelecomofficial
957,qwintry
958,cryptic_cyber_tales
959,m0bileAPK
960,musk_digital_worlds
961,godinhtml
962,egorovkot
963,universe_musk_explore
964,aihappens
965,elve_tech_insights
966,from0to1com
967,KuretsRu
968,rybolos_channel
969,pythonturboru
970,low_digital
971,codelearning_tg
972,bureaucraticsecurity
973,geek_community
974,seniorcpp
975,CyberSachok
976,gg17opt
977,code_ready
978,play_garden
979,sopkacentr
980,hightech_fm
981,iosgr
982,Artillery_Artillery
983,Channel_MGC_BSG
984,notboring_tech
985,watchalex
986,frontend_1
987,javatasks
988,SysadminNotes
989,pro_python_code
990,ep_uc
991,seeneuro
992,xbox_dns
993,codeblog8
994,wowite
995,FrontendPortal
996,beatwaves_808
997,booksjava
998,lite1C
999,deedcoin_club
1000,java_fillthegaps
1001,Coach_Ton
1002,htmlacademy
1003,asb_video
1004,code_m0de
1005,code_on_tg
1006,codeguru_tg
1007,hackproglib
1008,remonter_blog
1009,backenderrr
1010,neural
1011,technoperry
1012,mtrushkoskills
1013,nsekt
1014,moyacifrovaya
1015,itexai
1016,Lgltech
1017,noukashblog
1018,techno_hype_official
1019,protestinginfo
1020,futuristic_tech_view
1021,leakcheck
1022,python_easy_ru
1023,Termuxtop
1024,sysodmins_league
1025,vivorussia
1026,hudakov
1027,gamedev_club1
1028,nikitavision
1029,appleservice_sochi
1030,sysadminof
1031,cyber_sonic
1032,frontendlib
1033,marketing_engineer
1034,dlinnlp
1035,my_el_lab
1036,aaplpro
1037,phpproglib
1038,evers_apple24
1039,Windows_1_1
1040,ru_mutnpc
1041,golang_books
1042,golang_interview
1043,trashbox_feed
1044,codepen_js
1045,domru_official
1046,its_capitan
1047,Kaspersky_antivirus_key
1048,route_256
1049,xeonsect
1050,pythonlib
1051,toshibatv_russia
1052,Rupec
1053,webb_dev
1054,mmbrus
1055,synapses_neuro_feed
1056,BookJava
1057,python_tasks
1058,teplitsa
1059,ipscore_news
1060,smartboxes
1061,archakovblog
1062,contentreview
1063,JavaScript_Teacher
1064,AIJourn
1065,robotics_channel
1066,godindev
1067,boris_again
1068,technoprofi
1069,prostotechn
1070,HomishTG
1071,nesharu
1072,kantor_ai
1073,uneco_bigcitylights
1074,SLYshorts
1075,forklogAI
1076,tvoijazz
1077,sys_sa
1078,shadow_group_tg
1079,YoungCon2024
1080,avanta_telecom_ru
1081,narratives_in_tech
1082,apptractor
1083,novosti_neiroseti
1084,lexicon_it_universe
1085,NeuralProfit
1086,pythonbooksarchive
1087,ru3mx
1088,dataquest_navigator_ex
1089,YourCodeReview
1090,testirovshik_qa
1091,startandroid
1092,aitechdaily
1093,HtmlGram1
1094,cio_channel
1095,digiu_ai
1096,aivashev
1097,myobrechenychannel
1098,networkadm
1099,brainwave_ai_vault
1100,wb_tech
1101,spacex_rus
1102,severstal
1103,we_use_js
1104,Frontend_Task
1105,portal_vr_news
1106,itmatrixai
1107,virtualvisionarvr
1108,tadviser
1109,SQL_and_DB_Learning
1110,linux_gram
1111,honor_rus
1112,mobileproglib
1113,python_pssss
1114,Android_1_1
1115,sparrowcode
1116,kasperskylab_ru
1117,technobooks
1118,androphoria_priceua
1119,Leetcode_fans
1120,recrutach
1121,Python_libr
1122,java_zen_master
1123,intelligent_it
1124,onlinesimnews
1125,chatgpt_skylab
1126,space_linux_gamers
1127,pycodecamp
1128,neyroseti_dr
1129,start_ds
1130,it2b_channel
1131,tx_news
1132,rabynagalerah
1133,elonmusksu
1134,sphere_of_bloggers
1135,cyberlogic_forensics
1136,RussianHackers_Channel
1137,magicalai_wizard
1138,AdbAppControl
1139,python_snare_masters
1140,becaps
1141,w2hack
1142,leadteh
1143,aerial_drone_realm
1144,voyage_it_horizons
1145,cascade_digital_futures
1146,timeline_of_coders
1147,roseuorg
1148,trendspotter_job_market
1149,yandexforml
1150,dmitrii_ireshev_Agile_PMP
1151,realm_of_backends
1152,product_developer
1153,applebutik
1154,forge_of_hightech
1155,innovate_garage_hub
1156,CyberBrainTech
1157,office_killer
1158,vk_leaks
1159,linux_read
1160,indigobrowser
1161,sharpnet_dot_laboratory
1162,RedTeambro
1163,overtakelab
1164,ppprompt
1165,corsair_code_harbor
1166,sharifovprompts
1167,Softline
1168,cooler_master_ru
1169,strazdan
1170,gpt4_communityhub
1171,python_voyager_quest
1172,ai2035edu
1173,qa_chillout
1174,getanalysts
1175,immersivetechsphere
1176,appleresell
1177,notesjs
1178,devopsslib
1179,chudotechnikintv
1180,general_it_talks
1181,hackathons
1182,InnovateITNow
1183,uav_tech
1184,Trendologers
1185,onigiriScience
1186,shopmts
1187,DrWeb_antivirus
1188,neuro_channel
1189,wpfreebies
1190,plafonyoutube
1191,poxek
1192,pro100python1
1193,Neuronet_MidjourneyAi
1194,onecv8
1195,neirostart_nl
1196,sWebDev
1197,itverstak
1198,kurilov_neiro
1199,icetech_news
1200,etomoikosti
1201,h4itnews
1202,idad27
1203,systemeelectric_official
1204,t_technocult
1205,general_apple161
1206,neuro_trends8
1207,comss
1208,edtechderp_innovation
1209,stupidmadworld
1210,dmitryvolkovsdv
1211,nest_of_testers
1212,T1000000
1213,frontendbooksit
1214,TechTimes_chanel
1215,technology_tg
1216,libqa
1217,kedr2earth
1218,CScience1
1219,innokadriu
1220,shield_cyber_fronts
1221,easy_java_ru
1222,rossetimr_ru
1223,androidnext
1224,CingulataX
1225,guides_js
1226,fromYazi
1227,iphoriya_official
1228,NewsTechnology2018
1229,chat_bot_gptinnovations
1230,px_game
